{"train_loss_step":0.0066234637051820755,"_timestamp":1.763601218991901e+09,"lr-AdamW":0.0009455577588320899,"_step":182,"trainer/global_step":4376,"epoch":4,"_runtime":619,"val_acc":0.8999999761581421,"train_acc":0.9810285568237305,"test_acc":0.9070666432380676,"val_loss":0.34426218271255493,"train_loss_epoch":0.059818875044584274,"test_loss":0.22848257422447205,"_wandb":{"runtime":619}}