{"_step":142,"epoch":5,"test_loss":0.3599114418029785,"_wandb":{"runtime":139},"trainer/global_step":3325,"val_loss":0.36821725964546204,"test_acc":0.843999981880188,"train_loss_epoch":0.19114874303340912,"_runtime":139,"lr-AdamW":0.0009046039886902865,"val_acc":0.8655999898910522,"_timestamp":1.7632383766079788e+09,"train_loss_step":0.14344558119773865,"train_acc":0.9333176612854004}