{"epoch":0,"_wandb":{"runtime":95},"_runtime":95,"lr-AdamW":0.001,"trainer/global_step":149,"_timestamp":1.7636087674465668e+09,"_step":5,"train_loss_step":0.7039710283279419}