{"_step":20,"val_acc":0.8628739714622498,"_wandb":{"runtime":233},"test_acc":0.8422666788101196,"_runtime":233,"train_acc":0.9969885349273682,"val_loss":0.6556848287582397,"_timestamp":1.762919746785097e+09,"epoch":10,"trainer/global_step":6440,"train_loss":0.015652021393179893,"test_loss":0.36058470606803894}