{"_step":182,"test_acc":0.9103999733924866,"val_loss":0.3130810558795929,"lr-AdamW":0.0009455577588320899,"val_acc":0.901199996471405,"test_loss":0.22189396619796753,"epoch":4,"train_loss_epoch":0.05877763032913208,"_timestamp":1.7636036160390723e+09,"_wandb":{"runtime":2366},"_runtime":2366,"trainer/global_step":4376,"train_loss_step":0.0889599621295929,"train_acc":0.9820285439491272}