{"lr-AdamW":0.0007940987335200905,"val_acc":0.8602666854858398,"trainer/global_step":4655,"val_loss":0.5237127542495728,"_timestamp":1.7633020222031715e+09,"_wandb":{"runtime":185},"_runtime":185,"test_loss":0.3592764735221863,"test_acc":0.85343998670578,"train_loss_step":0.023616628721356392,"epoch":7,"train_loss_epoch":0.06515864282846451,"train_acc":0.980470597743988,"_step":200}