{"_step":200,"train_loss_step":0.023616628721356392,"val_acc":0.8602666854858398,"train_acc":0.980470597743988,"trainer/global_step":4655,"test_acc":0.85343998670578,"_runtime":185,"train_loss_epoch":0.06515864282846451,"test_loss":0.3592764735221863,"lr-AdamW":0.0007940987335200905,"_wandb":{"runtime":185},"_timestamp":1.7629983298538141e+09,"epoch":7,"val_loss":0.5237127542495728}