{"_step":182,"val_loss":0.43320173025131226,"_wandb":{"runtime":274},"trainer/global_step":4376,"_timestamp":1.7636005572092566e+09,"train_loss_step":0.014056944288313389,"val_acc":0.899066686630249,"test_loss":0.2361886203289032,"_runtime":274,"lr-AdamW":0.0009455577588320899,"train_loss_epoch":0.04223121702671051,"test_acc":0.9026666879653931,"epoch":4,"train_acc":0.9863428473472595}