{"test_acc":0.8799999952316284,"lr-AdamW":0.0009046039886902865,"_timestamp":1.7636001980793464e+09,"val_acc":0.8758666515350342,"_wandb":{"runtime":203},"trainer/global_step":5470,"val_loss":0.4172707796096802,"_runtime":203,"train_loss_step":0.07364048063755035,"epoch":5,"train_acc":0.9721428751945496,"test_loss":0.28359976410865784,"_step":228,"train_loss_epoch":0.08592472225427628}